AA,abbrev,name,z1,z2,z3,z4,z5
A,Ala,alanine,0.24,-2.32,0.6,-0.14,1.3
R,Arg,arginine,3.52,2.5,-3.5,1.99,-0.17
N,Asn,asparagine,3.05,1.62,1.04,-1.15,1.61
D,Asp,aspartic acid,3.98,0.93,1.93,-2.46,0.75
C,Cys,cysteine,0.84,-1.67,3.71,0.18,-2.65
Q,Gln,glutamine,1.75,0.5,-1.44,-1.34,0.66
E,Glu,glutamic acid,3.11,0.26,-0.11,-3.04,-0.25
G,Gly,glycine,2.05,-4.06,0.36,-0.82,-0.38
H,His,histidine,2.47,1.95,0.26,3.9,0.09
I,Ile,isoleucine,-3.89,-1.73,-1.71,-0.84,0.26
L,Leu,leucine,-4.28,-1.3,-1.49,-0.72,0.84
K,Lys,lysine,2.29,0.89,-2.49,1.49,0.31
M,Met,methionine,-2.85,-0.22,0.47,1.94,-0.98
F,Phe,phenylalanine,-4.22,1.94,1.06,0.54,-0.62
P,Pro,proline,-1.66,0.27,1.84,0.7,2
S,Ser,serine,2.39,-1.07,1.15,-1.39,0.67
T,Thr,threonine,0.75,-2.18,-1.12,-1.46,-0.4
W,Trp,tryptophan,-4.36,3.94,0.59,3.44,-1.59
Y,Tyr,tyrosine,-2.54,2.44,0.43,0.04,-1.47
V,Val,valine,-2.59,-2.64,-1.54,-0.85,-0.02
